CREATE DATABASE fumarya;
use fumarya;

CREATE TABLE Usuarios (
    Id INT NOT NULL AUTO_INCREMENT PRIMARY KEY,
    Nombre VARCHAR(100) NOT NULL,
    Contrasena VARCHAR(24) NOT NULL,
    Telefono INT NOT NULL,
    Correo VARCHAR(100) NOT NULL, 
    FechaNacimiento DATETIME NOT NULL, 
    Rol VARCHAR(30) NOT NULL
);

CREATE TABLE Producto (
    Id INT NOT NULL AUTO_INCREMENT PRIMARY KEY,
    Nombre VARCHAR(50) NOT NULL,
    Marca VARCHAR(50) NOT NULL,
    Descripcion VARCHAR(255) NOT NULL,
    Precio DECIMAL(18,2) NOT NULL, 
    Tipo VARCHAR(50) NOT NULL, 
    Imagen VARCHAR(255) NOT NULL
);

CREATE TABLE Ventas (
    Id INT NOT NULL AUTO_INCREMENT PRIMARY KEY,
    IdUsuario INT NOT NULL,
    Direccion VARCHAR(100) NOT NULL,
    Municipio VARCHAR(45) NOT NULL,
    CodigoPostal INT NOT NULL, 
    Fecha DATETIME NOT NULL, 
    Estado VARCHAR(12) NOT NULL,
    Total DECIMAL(18,2) NOT NULL,
    FOREIGN KEY (IdUsuario) REFERENCES Usuarios(Id)
);

CREATE TABLE DetalleVenta (
    IdVenta INT NOT NULL,
    IdProducto INT NOT NULL,
    Cantidad INT NOT NULL,
    PrecioUnitario DECIMAL(18,2) NOT NULL,
    PRIMARY KEY (IdVenta, IdProducto),
    FOREIGN KEY (IdVenta) REFERENCES Ventas(Id),
    FOREIGN KEY (IdProducto) REFERENCES Producto(Id)
);

-- Volcado de datos para la tabla `usuarios`
--

INSERT INTO `usuarios` (`Id`, `Nombre`, `Contrasena`, `Telefono`, `Correo`, `FechaNacimiento`, `Rol`) VALUES
(1, 'Usuario1', 'pass1', 1234567890, 'usuario1@correo.com', '1990-01-01', 'Usuario'),
(2, 'Usuario2', 'pass2', 2147483647, 'usuario2@correo.com', '1991-02-02', 'Usuario'),
(3, 'Usuario3', 'pass3', 2147483647, 'usuario3@correo.com', '1992-03-03', 'Usuario'),
(4, 'Usuario4', 'pass4', 2147483647, 'usuario4@correo.com', '1993-04-04', 'Usuario'),
(5, 'Usuario5', 'pass5', 2147483647, 'usuario5@correo.com', '1994-05-05', 'Usuario'),
(6, 'Usuario6', 'pass6', 2147483647, 'usuario6@correo.com', '1995-06-06', 'Usuario'),
(7, 'Usuario7', 'pass7', 2147483647, 'usuario7@correo.com', '1996-07-07', 'Usuario'),
(8, 'Usuario8', 'pass8', 2147483647, 'usuario8@correo.com', '1997-08-08', 'Usuario'),
(9, 'Usuario9', 'pass9', 2147483647, 'usuario9@correo.com', '1998-09-09', 'Usuario'),
(10, 'Admin', 'adminpass', 2147483647, 'admin@correo.com', '1999-10-10', 'Admin'),
(11, 'martagon.2003', 'martagon1212', 568987123, 'martagon@gmail.com', '0000-00-00', 'Usuario'),
(14, 'juan.2546', '123456789jkg', 658963124, 'pepe@gmail.com', '0000-00-00', 'Usuario'),
(15, 'fernando', 'fernandito12345', 632485967, 'fernandito@gmail.com', '0000-00-00', 'Usuario'),
(16, 'antonio', 'antonio123465', 685496210, 'antonio@gmail.com', '0000-00-00', 'Usuario'),
(17, 'grabiel1254', '1234568597sdsa', 659365478, 'grabiel@gmail.com', '0000-00-00', 'Usuario'),
(18, 'lolo', '123456789lko', 659874231, 'lolo@outlook.com', '0000-00-00', 'Usuario'),
(19, 'paloma', '123456789asd', 532412857, 'paloma@gmail.com', '2001-09-26', 'Usuario'),
(20, 'admin', 'adminpass', 214547854, 'admin@correo.com', '2000-05-23', 'Admin'),
(21, 'Gabri', 'oasiajncjasncnc', 633258745, 'gabri@gmail.com', '2001-06-25', 'Usuario');

INSERT INTO `producto` (`Id`, `Nombre`, `Marca`, `Descripcion`, `Precio`, `Tipo`, `Imagen`) VALUES
(1, 'Paquete de 120 Boquillas', 'Ocb', 'Descripcion1', '5.00', 'Complemento', 'https://i.postimg.cc/WpqMGxmv/removal-ai-tmp-6480a52c810b3.png'),
(2, 'Paquete 150 Boquillas ', 'Smoking', 'Descripcion2', '5.50', 'Complemento', 'https://i.postimg.cc/bwwcM0wq/removal-ai-tmp-6480a4679f783.png'),
(3, 'Tabaco Ducal 20 Cigarros', 'Ducal', 'Descripcion3', '6.00', 'Tabaco Industrial', 'https://i.postimg.cc/3JtFL3vk/removal-ai-tmp-6480a2ade8c63.png'),
(4, 'Tabaco de Liar Ducal 70g', 'Ducal ', 'Descripcion4', '6.50', 'Tabaco Liar', 'https://i.postimg.cc/MTGsDt6Q/removal-ai-997e1ac5-59f2-4e09-bfbe-53b7e2e6a005.png'),
(5, 'Tabaco Camel 20 Cigarros', 'Camel', 'Descripcion5', '7.00', 'Tabaco Industrial', 'https://i.postimg.cc/B6ph5H5z/removal-ai-8ff162e3-8017-4862-a22f-5e51498c39d3.png'),
(6, 'Tabaco de Liar Camel 30g', 'Camel', 'Descripcion6', '7.50', 'Tabaco Liar', 'https://i.postimg.cc/ncP4t0c2/removal-ai-7ce6f899-dca7-44ed-bdb6-f427fb7109ba.png'),
(7, 'Papeles 60 hojas', 'Ocb', 'Descripcion7', '8.00', 'Complemento', 'https://i.postimg.cc/J7p541zR/removal-ai-bea3945e-9200-4d64-babc-be07efcfe126.png'),
(8, 'Doble Papel 120 hojas ', 'Ocb', 'Descripcion8', '8.50', 'Complemento', 'https://i.postimg.cc/MTRmpRH4/removal-ai-tmp-6480a0858da05.png'),
(9, 'Vaper 6000 Caladas Beco', 'Beco Pro', 'Descripcion9', '9.00', 'Vaper', 'https://i.postimg.cc/KYP273gS/removal-ai-2d33961f-a905-430d-88ab-8f9ffc25e9c6.png'),
(10, 'Bud Vape Olé 5000 Caladas', 'Bud', 'Descripcion10', '10.00', 'Vaper', 'https://i.postimg.cc/HWcV5Bsf/removal-ai-3f9fba20-36c7-4d8b-97c0-f7e33b6a9183.png'),
(11, 'Tabaco Marlboro 20 Cigarros', 'Marlboro ', 'Descripcion11', '11.00', 'Tabaco Industrial', 'https://i.postimg.cc/G2Fjzdb5/removal-ai-tmp-64809e0b22690.png'),
(12, 'Tabaco Winston Classic 20 Cigarros', 'Winston', 'Descripcion12', '12.00', 'Tabaco Industrial', 'https://i.postimg.cc/K8jg4Fwy/removal-ai-tmp-64809d64a2630.png'),
(13, 'Tabaco de Liar Flandria Virginia 30g', 'Flandria', 'Descripcion13', '13.00', 'Tabaco Liar', 'https://i.postimg.cc/Qxzy3zJY/removal-ai-tmp-6480955c31b23.png'),
(14, 'Tabaco de Liar Lata Camel 70g', 'Camel', 'Descripcion14', '14.00', 'Tabaco Liar', 'https://i.postimg.cc/3N8x3NYh/removal-ai-tmp-648094e1b6c00.png'),
(15, 'Tabaco Camel 23 Cigarros', 'Camel', 'Descripcion15', '15.00', 'Tabaco Industrial', 'https://i.postimg.cc/jdZFk9BF/camel23.png'),
(16, 'Ducados Tabaco Negro', 'Ducados', 'Descripcion16', '16.00', 'Tabaco Negro', 'https://i.postimg.cc/pTJWPyRZ/negrobien.png23/negro.jpg'),
(17, 'Tabaco Ducados 20 Cigarros', 'Ducados', 'Descripcion17', '17.00', 'Tabaco Industrial', 'https://i.postimg.cc/jqZYMHLv/Imagen17.png');


--
-- Volcado de datos para la tabla `ventas`
--

INSERT INTO `ventas` (`Id`, `IdUsuario`, `Direccion`, `Municipio`, `CodigoPostal`, `Fecha`, `Estado`, `Total`) VALUES
(1, 1, 'Direccion1', 'Municipio1', 11111, '2023-05-01 10:00:00', 'Completado', '26.50'),
(2, 2, 'Direccion2', 'Municipio2', 22222, '2023-05-02 11:00:00', 'Completado', '32.00'),
(3, 3, 'Direccion3', 'Municipio3', 33333, '2023-05-03 10:00:00', 'Completado', '21.50'),
(4, 4, 'Direccion4', 'Municipio4', 44444, '2023-05-04 11:00:00', 'Completado', '41.00'),
(5, 5, 'Direccion5', 'Municipio5', 55555, '2023-05-05 10:00:00', 'Completado', '56.50'),
(6, 6, 'Direccion6', 'Municipio6', 66666, '2023-05-06 11:00:00', 'Completado', '51.50'),
(7, 7, 'Direccion7', 'Municipio7', 77777, '2023-05-07 10:00:00', 'Completado', '34.00'),
(8, 8, 'Direccion8', 'Municipio8', 88888, '2023-05-08 11:00:00', 'Completado', '53.00'),
(9, 9, 'Direccion9', 'Municipio9', 99999, '2023-05-09 10:00:00', 'Completado', '29.00'),
(10, 10, 'Direccion10', 'Municipio10', 10101, '2023-05-10 11:00:00', 'Completado', '20.50'),
(11, 1, 'Direccion11', 'Municipio11', 11111, '2023-05-11 10:00:00', 'Completado', '15.00'),
(12, 2, 'Direccion12', 'Municipio12', 22222, '2023-05-12 11:00:00', 'Completado', '27.00'),
(13, 3, 'Direccion13', 'Municipio13', 33333, '2023-05-13 10:00:00', 'Completado', '6.00'),
(14, 4, 'Direccion14', 'Municipio14', 44444, '2023-05-14 11:00:00', 'Completado', '34.00'),
(15, 5, 'Direccion15', 'Municipio15', 55555, '2023-05-15 10:00:00', 'Completado', '19.00'),
(16, 6, 'Direccion16', 'Municipio16', 66666, '2023-05-16 11:00:00', 'Completado', '10.00'),
(17, 7, 'Direccion17', 'Municipio17', 77777, '2023-05-17 10:00:00', 'Completado', '34.50'),
(18, 8, 'Direccion18', 'Municipio18', 88888, '2023-05-18 11:00:00', 'Completado', '24.00'),
(19, 9, 'Direccion19', 'Municipio19', 99999, '2023-05-19 10:00:00', 'Completado', '7.00'),
(20, 10, 'Direccion20', 'Municipio20', 10101, '2023-05-20 11:00:00', 'Completado', '52.50'),
(21, 1, 'Direccion21', 'Municipio21', 11111, '2023-05-21 10:00:00', 'Completado', '10.00'),
(22, 2, 'Direccion22', 'Municipio22', 22222, '2023-05-22 11:00:00', 'Completado', '24.00'),
(23, 3, 'Direccion23', 'Municipio23', 33333, '2023-05-23 10:00:00', 'Completado', '7.50'),
(24, 4, 'Direccion24', 'Municipio24', 44444, '2023-05-24 11:00:00', 'Completado', '22.00'),
(25, 5, 'Direccion25', 'Municipio25', 55555, '2023-05-25 10:00:00', 'Completado', '94.00'),
(32, 1, '', '', 0, '0000-00-00 00:00:00', 'Completado', '34.00'),
(33, 1, '', '', 0, '0000-00-00 00:00:00', 'Completado', '34.00'),
(34, 1, '', '', 0, '0000-00-00 00:00:00', 'Completado', '26.50'),
(35, 1, '', '', 0, '0000-00-00 00:00:00', 'Completado', '26.50'),
(36, 1, '', '', 0, '0000-00-00 00:00:00', 'Completado', '26.50'),
(37, 1, '', '', 0, '0000-00-00 00:00:00', 'Completado', '26.50'),
(38, 1, 'asdasas', 'dadssadas', 41003, '0000-00-00 00:00:00', 'Completado', '38.50'),
(39, 1, 'asdasas', 'dadssadas', 41003, '0000-00-00 00:00:00', 'Completado', '38.50'),
(40, 1, '', '', 0, '0000-00-00 00:00:00', 'Completado', '34.50'),
(41, 1, '', '', 0, '0000-00-00 00:00:00', 'Completado', '30.00'),
(42, 1, '', '', 0, '0000-00-00 00:00:00', 'Completado', '30.00'),
(43, 1, '', '', 0, '0000-00-00 00:00:00', 'Completado', '30.00'),
(44, 1, '', '', 0, '0000-00-00 00:00:00', 'Completado', '26.00'),
(45, 1, '', '', 0, '0000-00-00 00:00:00', 'Completado', '26.50'),
(46, 1, '', '', 0, '0000-00-00 00:00:00', 'Completado', '26.50'),
(47, 1, 'sdafcac', 'asdcaca', 41003, '0000-00-00 00:00:00', 'Completado', '26.50'),
(48, 1, '', '', 0, '0000-00-00 00:00:00', 'Completado', '26.50'),
(49, 1, '', '', 0, '0000-00-00 00:00:00', 'Completado', '15.50'),
(50, 1, '', '', 0, '0000-00-00 00:00:00', 'Completado', '17.50'),
(51, 1, '', '', 0, '0000-00-00 00:00:00', 'Completado', '27.50'),
(52, 1, '', '', 0, '0000-00-00 00:00:00', 'Completado', '43.50'),
(53, 1, '', '', 0, '0000-00-00 00:00:00', 'Completado', '27.50'),
(54, 1, '', '', 0, '0000-00-00 00:00:00', 'Completado', '28.00'),
(55, 1, '', '', 0, '0000-00-00 00:00:00', 'Completado', '27.50'),
(56, 2, '', '', 0, '0000-00-00 00:00:00', 'Completado', '25.00'),
(57, 2, 'Calle Urquiza,5', 'Sevilla', 41003, '0000-00-00 00:00:00', 'Completado', '66.50');

-- Volcado de datos para la tabla `detalleventa`
--

INSERT INTO `detalleventa` (`IdVenta`, `IdProducto`, `Cantidad`, `PrecioUnitario`) VALUES
(1, 1, 2, '5.00'),
(1, 2, 3, '5.50'),
(2, 3, 1, '6.00'),
(2, 4, 4, '6.50'),
(3, 5, 2, '7.00'),
(3, 6, 1, '7.50'),
(4, 7, 3, '8.00'),
(4, 8, 2, '8.50'),
(5, 9, 1, '9.00'),
(5, 10, 5, '9.50'),
(6, 11, 2, '10.00'),
(6, 12, 3, '10.50'),
(7, 13, 1, '11.00'),
(7, 14, 2, '11.50'),
(8, 1, 1, '5.00'),
(8, 15, 4, '12.00'),
(9, 2, 2, '5.50'),
(9, 3, 3, '6.00'),
(10, 4, 1, '6.50'),
(10, 5, 2, '7.00'),
(11, 6, 2, '7.50'),
(12, 9, 3, '9.00'),
(13, 3, 1, '6.00'),
(14, 8, 4, '8.50'),
(15, 10, 2, '9.50'),
(16, 11, 1, '10.00'),
(17, 14, 3, '11.50'),
(18, 15, 2, '12.00'),
(19, 5, 1, '7.00'),
(20, 12, 5, '10.50'),
(21, 1, 2, '5.00'),
(22, 7, 3, '8.00'),
(23, 6, 1, '7.50'),
(24, 13, 2, '11.00'),
(25, 2, 4, '5.50'),
(25, 11, 3, '10.00'),
(25, 12, 4, '10.50'),
(40, 3, 1, '6.00'),
(40, 5, 3, '7.00'),
(40, 6, 1, '7.50'),
(41, 2, 3, '5.50'),
(41, 4, 1, '6.50'),
(41, 5, 1, '7.00'),
(42, 2, 3, '5.50'),
(42, 4, 1, '6.50'),
(42, 5, 1, '7.00'),
(43, 2, 3, '5.50'),
(43, 4, 1, '6.50'),
(43, 5, 1, '7.00'),
(44, 4, 4, '6.50'),
(45, 1, 3, '5.00'),
(45, 2, 1, '5.50'),
(45, 3, 1, '6.00'),
(46, 1, 3, '5.00'),
(46, 2, 1, '5.50'),
(46, 3, 1, '6.00'),
(47, 1, 3, '5.00'),
(47, 2, 1, '5.50'),
(47, 3, 1, '6.00'),
(48, 4, 3, '6.50'),
(48, 5, 1, '7.00'),
(49, 1, 2, '5.00'),
(49, 2, 1, '5.50'),
(50, 2, 1, '5.50'),
(50, 3, 2, '6.00'),
(51, 1, 1, '5.00'),
(51, 2, 3, '5.50'),
(51, 3, 1, '6.00'),
(52, 1, 4, '5.00'),
(52, 2, 1, '5.50'),
(52, 3, 3, '6.00'),
(53, 1, 1, '5.00'),
(53, 2, 3, '5.50'),
(53, 3, 1, '6.00'),
(54, 1, 1, '5.00'),
(54, 2, 3, '5.50'),
(54, 4, 1, '6.50'),
(55, 4, 1, '6.50'),
(55, 5, 3, '7.00'),
(56, 2, 1, '5.50'),
(56, 4, 3, '6.50'),
(57, 4, 2, '6.50'),
(57, 5, 1, '7.00'),
(57, 6, 5, '7.50'),
(57, 9, 1, '9.00');